title,price,shipping,subtitles,listing_date,seller_name
New ListingApple iPhone 7 Plus - 32 GB - Silver (Unlocked),NT$ 415,+NT$ 940 shipping,Pre-Owned · Apple iPhone 7 Plus · 32 GB · Unlocked,Nov-2 16:46,sabels703
New ListingApple iPhone 14 Pro Max Unlocked 265GB (Space Black),"NT$ 25,544","+NT$ 1,388 shipping",Pre-Owned · Apple iPhone 14 Pro Max · 256 GB · Unlocked,Nov-2 16:45,prime_distribution
New ListingApple iPhone 14 Pro Max A2651 T-Mobile Only 128GB Gold Good,"NT$ 17,561","+NT$ 1,396 shipping","Free Shipping, Free 30 Day Returns",Nov-2 15:20,yywirelesss
New ListingApple iPhone 14 Pro Max A2651 Spectrum Only 128GB Silver Very Good,"NT$ 17,561","+NT$ 1,396 shipping","Free Shipping, Free 30 Day Returns",Nov-2 15:20,yywirelesss
New ListingApple iPhone 14 Pro Max A2651 US Cellular Only 512GB Space Black Very Good,"NT$ 20,116","+NT$ 1,471 shipping","Free Shipping, Free 30 Day Returns",Nov-2 15:18,yywirelesss
New ListingApple iPhone 14 Pro Max A2651 Spectrum Only 256GB Deep Purple Very Good,"NT$ 19,158","+NT$ 1,443 shipping","Free Shipping, Free 30 Day Returns",Nov-2 15:18,yywirelesss
New ListingApple iPhone 14 Pro Max A2651 Spectrum Only 1TB Space Black Good,"NT$ 20,116","+NT$ 1,471 shipping","Free Shipping, Free 30 Day Returns",Nov-2 15:18,yywirelesss
New ListingApple iPhone 14 Pro Max A2651 Xfinity Only 1TB Deep Purple Good,"NT$ 20,754","+NT$ 1,490 shipping","Free Shipping, Free 30 Day Returns",Nov-2 15:18,yywirelesss
New ListingApple iPhone 14 Pro Max A2651 Xfinity Only 1TB Gold Good,"NT$ 20,754","+NT$ 1,490 shipping","Free Shipping, Free 30 Day Returns",Nov-2 15:18,yywirelesss
New ListingApple iPhone 14 Pro Max A2651 Xfinity Only 256GB Gold Good,"NT$ 18,519","+NT$ 1,424 shipping","Free Shipping, Free 30 Day Returns",Nov-2 15:18,yywirelesss
New ListingApple iPhone 14 Pro Max A2651 Xfinity Only 256GB Gold Very Good,"NT$ 19,158","+NT$ 1,443 shipping","Free Shipping, Free 30 Day Returns",Nov-2 15:18,yywirelesss
New ListingApple iPhone 14 Pro Max A2651 Xfinity Only 256GB Space Black Good,"NT$ 18,519","+NT$ 1,424 shipping","Free Shipping, Free 30 Day Returns",Nov-2 15:18,yywirelesss
New ListingApple iPhone 14 Pro Max A2651 Verizon Only 128GB Space Black Good,"NT$ 18,519","+NT$ 1,424 shipping","Free Shipping, Free 30 Day Returns",Nov-2 15:17,yywirelesss
New ListingApple iPhone 14 Pro Max A2651 Verizon Only 1TB Space Black Very Good,"NT$ 22,351","+NT$ 1,537 shipping","Free Shipping, Free 30 Day Returns",Nov-2 15:17,yywirelesss
New ListingApple iPhone 14 Pro Max A2651 Spectrum Only 256GB Space Black Very Good,"NT$ 19,158","+NT$ 1,443 shipping","Free Shipping, Free 30 Day Returns",Nov-2 15:17,yywirelesss
New ListingApple iPhone 14 Pro Max A2651 Verizon Only 512GB Gold Very Good,"NT$ 21,073","+NT$ 1,499 shipping","Free Shipping, Free 30 Day Returns",Nov-2 15:17,yywirelesss
New ListingApple iPhone 14 Pro Max A2651 Verizon Only 256GB Deep Purple Very Good,"NT$ 21,073","+NT$ 1,499 shipping","Free Shipping, Free 30 Day Returns",Nov-2 15:17,yywirelesss
New ListingApple iPhone 14 Pro Max A2651 Verizon Only 128GB Gold Very Good,"NT$ 19,158","+NT$ 1,443 shipping","Free Shipping, Free 30 Day Returns",Nov-2 15:17,yywirelesss
New ListingApple iPhone 6s - 16GB - Space Gray (Unlocked) A1688 AS IS FOR PARTS [45],NT$ 319,+NT$ 652 shipping,Parts Only · Apple iPhone 6s · 16 GB · Unlocked,Nov-2 15:10,camco_business
"New Listing1 X APPLE IPHONE 16 PRO MAX 6.9”,5G,UNLOCKED, 1TB, DESERT TITANIUM. SEALED.","NT$ 59,836","+NT$ 3,420 shipping estimate",Brand New · Apple iPhone 16 Pro Max · Unlocked · 1 TB,Nov-2 15:08,spikeylizard22
New ListingApple iPhone 5s - 16GB - Gold (Sprint) A1453 (CDMA + GSM),"NT$ 4,788","+NT$ 1,001 shipping",Pre-Owned · Apple iPhone 5s · 16 GB · Sprint,Nov-2 15:00,photoarts_2000
New ListingApple iPhone 7 - 32GB - Matte Black (Unlocked) A1778 (GSM) USED,NT$ 0,+NT$ 865 shipping,Pre-Owned · Apple iPhone 7 · 32 GB · Unlocked,Nov-2 15:00,geekbreaks
New ListingApple iPhone 16 Pro Max 256GB Natural Titanium Sprint,"NT$ 33,175","+NT$ 1,948 shipping",Open Box · Apple iPhone 16 Pro Max · 256 GB · Sprint,Nov-2 14:54,louidollarhid_0
New Listingiphone 16 pro 256gb black titanium,"NT$ 18,983","+NT$ 2,125 shipping estimate",Brand New · Apple iPhone 16 Pro · 256 GB,Nov-2 14:42,golfmad1972
New ListingiPhone 16 128gb Ultra Marine,"NT$ 20,633","+NT$ 2,167 shipping estimate",Pre-Owned · Apple iPhone 16 · 128 GB,Nov-2 14:10,grimmjow96willmw
New ListingApple iPhone 14 Pro A2650 AT&T Only 1TB Space Black Good,"NT$ 20,754","+NT$ 1,490 shipping","Free Shipping, Free 30 Day Returns",Nov-2 13:55,yywirelesss
New ListingApple iPhone 14 Pro A2650 Unlocked 256GB Silver Good,"NT$ 20,754","+NT$ 1,490 shipping","Free Shipping, Free 30 Day Returns",Nov-2 13:55,yywirelesss
New ListingApple iPhone 14 Pro A2650 Xfinity Only 256GB Space Black Good,"NT$ 17,561","+NT$ 1,396 shipping","Free Shipping, Free 30 Day Returns",Nov-2 13:55,yywirelesss
New ListingApple iPhone 14 Pro A2650 Xfinity Only 256GB Space Black Very Good,"NT$ 18,200","+NT$ 1,415 shipping","Free Shipping, Free 30 Day Returns",Nov-2 13:55,yywirelesss
New ListingApple iPhone 14 Pro A2650 Xfinity Only 256GB Silver Good,"NT$ 17,561","+NT$ 1,396 shipping","Free Shipping, Free 30 Day Returns",Nov-2 13:54,yywirelesss
New ListingApple iPhone 14 Pro A2650 Spectrum Only 128GB Space Black Very Good,"NT$ 16,603","+NT$ 1,368 shipping","Free Shipping, Free 30 Day Returns",Nov-2 13:54,yywirelesss
New ListingApple iPhone 14 Pro A2650 US Cellular Only 256GB Silver Good,"NT$ 18,519","+NT$ 1,424 shipping","Free Shipping, Free 30 Day Returns",Nov-2 13:54,yywirelesss
New ListingApple iPhone 14 Pro A2650 Spectrum Only 256GB Gold Very Good,"NT$ 17,880","+NT$ 1,405 shipping","Free Shipping, Free 30 Day Returns",Nov-2 13:54,yywirelesss
New ListingApple iPhone 14 Pro A2650 Xfinity Only 128GB Gold Good,"NT$ 15,965","+NT$ 1,349 shipping","Free Shipping, Free 30 Day Returns",Nov-2 13:53,yywirelesss
New ListingApple iPhone 14 Pro A2650 Spectrum Only 256GB Deep Purple Good,"NT$ 17,561","+NT$ 1,396 shipping","Free Shipping, Free 30 Day Returns",Nov-2 13:53,yywirelesss
New ListingApple iPhone 14 Pro A2650 Verizon Only 128GB Gold Very Good,"NT$ 17,880","+NT$ 1,405 shipping","Free Shipping, Free 30 Day Returns",Nov-2 13:53,yywirelesss
New ListingApple iPhone 14 Pro A2650 US Cellular Only 256GB Space Black Very Good,"NT$ 18,838","+NT$ 1,434 shipping","Free Shipping, Free 30 Day Returns",Nov-2 13:53,yywirelesss
New ListingApple iPhone 14 Pro A2650 Verizon Only 256GB Deep Purple Good,"NT$ 19,796","+NT$ 1,462 shipping","Free Shipping, Free 30 Day Returns",Nov-2 13:52,yywirelesss
New ListingApple iPhone 7 PLUS - 32gb - ROSE GOLD (UNLOCKED) (Read Description) 7579,NT$ 224,+NT$ 818 shipping,Pre-Owned · Apple iPhone 7 Plus · 32 GB · Unlocked,Nov-2 13:40,shopperhive
New ListingApple iPhone 14 A2881 Unlocked 256GB Midnight Good,"NT$ 15,486","+NT$ 1,343 shipping","Free Shipping, Free 30 Day Returns",Nov-2 13:25,yywirelesss
New ListingApple iPhone 14 A2882 Unlocked 256GB Purple Good,"NT$ 15,805","+NT$ 1,352 shipping","Free Shipping, Free 30 Day Returns",Nov-2 13:25,yywirelesss
New ListingApple iPhone 14 A2649 US Consumer Cellular Only 128GB Blue Very Good,"NT$ 11,175","+NT$ 1,208 shipping","Free Shipping, Free 30 Day Returns",Nov-2 13:10,yywirelesss
New ListingApple iPhone 14 A2649 US Consumer Cellular Only 128GB Purple Good,"NT$ 11,654","+NT$ 1,222 shipping","Free Shipping, Free 30 Day Returns",Nov-2 13:09,yywirelesss
New ListingApple iPhone 14 A2649 Xfinity Only 256GB Purple Good,"NT$ 12,452","+NT$ 1,245 shipping","Free Shipping, Free 30 Day Returns",Nov-2 13:09,yywirelesss
New ListingApple iPhone 14 A2649 US Cellular Only 256GB Blue Good,"NT$ 12,452","+NT$ 1,245 shipping","Free Shipping, Free 30 Day Returns",Nov-2 13:08,yywirelesss
New ListingApple iPhone 14 A2649 US Cellular Only 256GB Midnight Good,"NT$ 12,452","+NT$ 1,245 shipping","Free Shipping, Free 30 Day Returns",Nov-2 13:08,yywirelesss
New ListingApple iPhone 14 A2649 Unlocked 512GB Purple Very Good,"NT$ 15,965","+NT$ 1,357 shipping","Free Shipping, Free 30 Day Returns",Nov-2 13:07,yywirelesss
New ListingApple iPhone 6s 16GB (Unlocked) Space Grey - Broken Charge Port - Donor Phone,NT$ 124,+NT$ 850 shipping estimate,Parts Only · Apple iPhone 6s · Unlocked · 16 GB,Nov-2 13:00,uniculum
"New ListingApple iPhone 14 Pro Max - Space Black 128 GB - Repair/Parts, read description","NT$ 3,161","+NT$ 1,212 shipping",Parts Only · Apple iPhone 14 Pro Max · 128 GB · T-Mobile,Nov-2 13:00,weechots
New ListingApple iPhone 16 Pro Max - 256GB - Natural - (Unlocked) -New Sealed With Receipt!,"NT$ 44,063","+NT$ 1,990 shipping",Brand New · Apple iPhone 16 Pro Max · 256 GB · Unlocked,Nov-2 12:59,r_l.treasures
New ListingApple iPhone 16 Pro Max - 256GB - Desert - (Unlocked) -Open Box,"NT$ 44,063","+NT$ 1,990 shipping",Open Box · Apple iPhone 16 Pro Max · 256 GB · Unlocked,Nov-2 12:55,r_l.treasures
New ListingApple iPhone 16 Pro Max - 256GB - Natural - (Unlocked) -New Sealed With Receipt!,"NT$ 44,063","+NT$ 1,990 shipping",Brand New · Apple iPhone 16 Pro Max · 256 GB · Unlocked,Nov-2 12:53,r_l.treasures
New ListingApple iPhone 4s White 16GB (EE),NT$ 619,+NT$ 759 shipping estimate,Pre-Owned · Apple iPhone 4s · EE · 16 GB,Nov-2 12:36,hasanthehouseofphones
"New ListingAPPLE IPHONE 16 ULTRA MARINE 128GB UNLOCKED  BRAND NEW AND SEALED IDEAL GIFT,","NT$ 21,871","+NT$ 2,459 shipping estimate",Brand New · Apple iPhone 16 · Unlocked · 128 GB,Nov-2 12:28,game-over-gaming
New ListingiPhone 16 256 Pro Max New Natural Titanium (T-Mobile locked),"NT$ 17,881","+NT$ 1,223 shipping",Brand New · Apple iPhone 16 Pro Max · 256 GB · T-Mobile,Nov-2 11:50,9-7x
New Listingiphone 7 Black unlocked used 32GB,NT$ 431,+NT$ 862 shipping,Pre-Owned · Apple iPhone 7 · 32 GB · Unlocked,Nov-2 11:21,butlerabroad
New ListingApple iPhone 16 Pro (C160) 256GB Black Titanium Unlocked New Sealed Warranty,"NT$ 44,526","+NT$ 2,500 shipping estimate",Brand New · Apple iPhone 16 Pro · Unlocked · 256 GB,Nov-2 11:06,mtech37
New Listingiphone 14 unlocked new in box sealed,"NT$ 5,444","+NT$ 1,022 shipping",Brand New · Apple iPhone 14 · 128 GB · Unlocked,Nov-2 10:55,igoralves_0
"New ListingNEW SEALED iPhone 16 Pro Max 512GB, Black (CRICKET WIRELESS ONLY)","NT$ 41,508","+NT$ 1,991 shipping",Brand New · Apple iPhone 16 Pro Max · 512 GB · Cricket Wireless,Nov-2 10:55,apples4days
New ListingApple IPhone 14 Pro Max 256GB Unlocked Deep Purple w/ original Box,"NT$ 26,342","+NT$ 1,498 shipping",Pre-Owned · Apple iPhone 14 Pro Max · 256 GB · Unlocked,Nov-2 10:47,gz-mobile
New ListingApple iPhone 16 Pro Max - 256 GB - Natural Titanium (Unlocked),"NT$ 38,635","+NT$ 2,276 shipping",Pre-Owned · Apple iPhone 16 Pro Max · 256 GB · Unlocked,Nov-2 10:44,manchu-55
New ListingApple iPhone 6s - 16 GB - Gray (AT&T),NT$ 479,"+NT$ 1,905 shipping",Parts Only · Apple iPhone 6s · 16 GB · AT&T,Nov-2 10:42,bakerss24
New ListingApple iPhone 6s Plus - 16 GB - Gray (T-Mobile),NT$ 639,"+NT$ 1,905 shipping",Parts Only · Apple iPhone 6s Plus · 16 GB · T-Mobile,Nov-2 10:40,bakerss24
New ListingApple iPhone 7 - 32 GB - Gold Pink (Unlocked),NT$ 774,"+NT$ 1,905 shipping",Parts Only · Apple iPhone 7 · 32 GB · Unlocked,Nov-2 10:36,bakerss24
New ListingBrand new sealed iphone 16 pro max 256GB Natural  titanium,"NT$ 46,177","+NT$ 2,557 shipping estimate",Brand New · Apple iPhone 16 Pro Max · Unlocked · 256 GB,Nov-2 10:35,sawo1233
New ListingLot Of 3 Apple iPhone 6 - 16 GB - Gray (Unlocked),"NT$ 1,916","+NT$ 2,067 shipping",Parts Only · Apple iPhone 6 · 16 GB · Unlocked,Nov-2 10:33,bakerss24
New ListingApple iPhone 16 - 128 GB - Pink (Unlocked) New!!,"NT$ 31,930","+NT$ 1,680 shipping",Brand New · Apple iPhone 16 · 128 GB · Unlocked,Nov-2 09:07,kiax123
New Listingapple iphone 14 pro max - 128 gb - black unlocked,"NT$ 7,104","+NT$ 1,101 shipping",Pre-Owned · Apple iPhone 14 Pro Max · 128 GB · Unlocked,Nov-2 09:04,thewirelessbugstore
New ListingApple iPhone 14 Pro 128GB Deep Purple -Unlocked - W/ Cases - Excellent Condition,"NT$ 10,058","+NT$ 1,212 shipping",Pre-Owned · Apple iPhone 14 Pro · 128 GB · Unlocked,Nov-2 08:16,scuk23
New ListingApple iPhone 14 Pro 256GB Deep Purple -Unlocked - W/ Cases - Excellent Condition,"NT$ 5,380","+NT$ 1,060 shipping",Pre-Owned · Apple iPhone 14 Pro · 256 GB · Unlocked,Nov-2 08:07,scuk23
New ListingApple iPhone 16 128GB Ultramarine *GRADE A WITH BOX* - FREE NEXT DAY DELIVERY,"NT$ 30,949","+NT$ 2,031 shipping estimate",New (Other) · Apple iPhone 16 · Unlocked · 128 GB,Nov-2 06:35,kitsconnect
New ListingApple iPhone 16 Pink 128GB *BRAND NEW WITH BOX* - FREE NEXT DAY DELIVERY,"NT$ 30,949","+NT$ 2,031 shipping estimate",Brand New · Apple iPhone 16 · Unlocked · 128 GB,Nov-2 06:31,kitsconnect
New ListingiPhone 14 Pro Max - 1TB - Gold (Unlocked) Applecare Plus - Very Good Condition,"NT$ 24,746","+NT$ 1,446 shipping",Pre-Owned · Apple iPhone 14 Pro Max · 1 TB · Unlocked,Nov-2 06:08,!sniper
New ListingiPhone 16 Pro Natural Titanium 128GB,"NT$ 36,933","+NT$ 2,238 shipping estimate",Brand New · Apple iPhone 16 Pro · Unlocked · 128 GB,Nov-2 05:36,jay_quaza
New ListingAPPLE IPHONE 16 PRO 256GB NATURAL TITANIUM BRAND NEW UNLOCKED SOLD OUT IN SHOPS,"NT$ 33,426","+NT$ 2,858 shipping estimate",Brand New · Apple iPhone 16 Pro · Unlocked · 256 GB,Nov-2 05:30,game-over-gaming
New ListingApple iPhone 14 Pro Max - 1 TB  - Purple (Unlocked) Excellent Condition,"NT$ 26,502","+NT$ 1,503 shipping",Pre-Owned · Apple iPhone 14 Pro Max · 1 TB · Unlocked,Nov-2 05:16,kruegerscloseouts
New ListingApple iPhone 6 - 16GB - Space Grey Disabled,NT$ 165,"+NT$ 1,489 shipping estimate",Pre-Owned · Apple iPhone 6 · Unlocked · 16 GB,Nov-2 04:46,mandorchard
New ListingApple iPhone 5C 16GB A1529 Pestal Orange UNLOCKED Working Well (White Dot) #170B,"NT$ 1,238",+NT$ 619 shipping,Pre-Owned · Apple iPhone 5c · Unlocked · 16 GB,Nov-2 04:40,linked123
New ListingApple iPhone 8 64GB A1905 iOS 16 Space Grey Unlocked Working Well 81%BH #574B,"NT$ 4,952",+NT$ 619 shipping,Pre-Owned · Apple iPhone 8 · Unlocked · 64 GB,Nov-2 04:40,linked123
New ListingApple iPhone 6s (A1688) 16GB (Unlocked) Smartphone - Silver Working Well #435B,"NT$ 2,889",+NT$ 619 shipping,Pre-Owned · Apple iPhone 6s · Unlocked · 16 GB,Nov-2 04:40,linked123
New ListingApple iPhone X A1901 64GB Unlocked (No FACE ID) Black Working Well #862B iOS16,"NT$ 7,222",+NT$ 619 shipping,Pre-Owned · Apple iPhone X · Unlocked · 64 GB,Nov-2 04:40,linked123
New ListingApple iPhone X A1901 256GB 100%BH iOS 16 Excellent Condition Unlocked #464A,"NT$ 8,253",+NT$ 619 shipping,Pre-Owned · Apple iPhone X · Unlocked · 256 GB,Nov-2 04:40,linked123
New ListingApple iPhone 6s - 16GB - Silver-  Unlocked - #378a,"NT$ 2,930",+NT$ 619 shipping,Pre-Owned · Apple iPhone 6s · Unlocked · 32 GB,Nov-2 04:40,linked123
New ListingApple iPhone 16 - Pink - 128GB Storage - UK Model - Unlocked - BRAND NEW SEALED,"NT$ 33,013","+NT$ 2,443 shipping estimate",Parts Only · Apple iPhone 16 · Unlocked · 128 GB,Nov-2 04:28,deam_94
New ListingApple ME433B/A iPhone 5s 16GB 8 MP 1.3 GHz Smartphone (Unlocked) - Silver,NT$ 825,"+NT$ 1,158 shipping estimate",Pre-Owned · Apple iPhone 5s · Unlocked · 16 GB,Nov-2 03:38,jackom69
New ListingApple iPhone 6S 16 GB Black Main Board Logic Main Board with Home Button,NT$ 688,+NT$ 204 shipping,Pre-Owned,Nov-2 01:53,dualtrade24
New ListingApple iPhone 16 - 128 GB - Pink (Verizon),"NT$ 11,654","+NT$ 1,381 shipping",Open Box · Apple iPhone 16 · 128 GB · Verizon,Nov-2 00:46,dalramjav
New ListingApple iPhone 16 Pro -128 GB - Gold Gray (Verizon),"NT$ 12,932","+NT$ 1,422 shipping",Pre-Owned · Apple iPhone 16 Pro Max · 256 GB · Verizon,Nov-2 00:42,dalramjav
New ListingApple iPhone 14 Pro 1TB Purple - Unlocked AT&T T-Mobile Verizon GSM 7595791,"NT$ 22,798","+NT$ 1,559 shipping",Open Box · Apple iPhone 14 Pro · 1 TB · Unlocked,Nov-2 00:07,thegizmotrader
New ListingApple iPhone 14 Pro 1TB Purple - Unlocked AT&T T-Mobile Verizon GSM 7595793,"NT$ 22,798","+NT$ 1,559 shipping",Open Box · Apple iPhone 14 Pro · 1 TB · Unlocked,Nov-2 00:07,thegizmotrader
New ListingiPhone 16 Pro Desert Titanium (SPECTRUM) 128GB CHECK ESN,"NT$ 25,225","+NT$ 1,462 shipping",Parts Only · Apple iPhone 16 Pro · 128 GB · Spectrum,Nov-1 23:46,mr.goodkat
New ListingApple iPhone 14 - 128 GB - Blue (AT&T Locked) Wifi Only.  Doesn't Run Cellular,"NT$ 3,273","+NT$ 1,026 shipping",Parts Only · Apple iPhone 14 · 128 GB · AT&T,Nov-1 22:18,bargain-lanes
New ListingApple iPhone 16 - 128 GB - Blue (T-Mobile) - NEW IN BOX NEVER USED,"NT$ 23,948","+NT$ 1,688 shipping",Brand New · Apple iPhone 16 · 128 GB · T-Mobile,Nov-1 22:16,anna196tv
New Listing Jailbroken iOS 16.6.1 Apple iPhone 8 64GB Space Grey Unlocked A1863 (AU Stock),NT$ 669,+NT$ 699 shipping,Pre-Owned · Apple · Apple iPhone 8 · Factory Unlocked,Nov-1 21:59,hilariousgeek
New Listingiphone 16 plus unlocked new,"NT$ 27,141",+NT$ 901 shipping,Open Box · Apple iPhone 16 Plus · 128 GB · Unlocked,Nov-1 21:55,destinhowlet-0
New ListingApple iPhone 6 Plus In Good Condition Unlocked And Reset Gray 16 MB,"NT$ 1,277",+NT$ 901 shipping,Pre-Owned · Apple iPhone 6 Plus · 16 MB · Unlocked,Nov-1 21:05,melka_6230
New ListingApple iPhone 7 Plus - 128 GB - Rose Gold (Unlocked) For Parts / Cracked Screen,"NT$ 1,756",+NT$ 974 shipping,Parts Only · Apple iPhone 7 Plus · 128 GB · Unlocked,Nov-1 19:45,tommyjoehonaker3
New ListingApple iPhone 16 Pro Max - 1 TB - Black Titanium (Unlocked),"NT$ 60,667","+NT$ 2,530 shipping",Brand New · Apple iPhone 16 Pro Max · 1 TB · Unlocked,Nov-1 19:06,bevagale27
New ListingEXCELLENT Apple iPhone 14 Pro Max - 128GB - Space Black (T-Mobile Only),"NT$ 18,484",Shipping not specified,Pre-Owned · Apple iPhone 14 Pro Max · 128 GB · T-Mobile,Nov-1 18:53,preston808
New ListingApple iPhone 16 Pro - 128 GB - desert titanium (T-Mobile locked) NEW GOLD,"NT$ 34,293","+NT$ 1,756 shipping",Brand New · Apple iPhone 16 Pro · 128 GB · T-Mobile,Nov-1 18:39,us-pdee
New ListingApple iPhone 7 - 32GB - Matte Black (Unlocked) A1778 (GSM) USED,NT$ 0,+NT$ 865 shipping,Pre-Owned · Apple iPhone 7 · 32 GB · Unlocked,Nov-1 18:00,geekbreaks
New Listingiphone 14  For Parts,"NT$ 7,983","+NT$ 1,259 shipping",Open Box · Apple iPhone 14 · 128 GB · Unlocked,Nov-1 17:47,homeharmony_5
"Apple iPhone 16 ProMax 256GB Natural Titanium  US RESELLER FLEX AT&T,Verizon,TMo","NT$ 31,930","+NT$ 2,183 shipping",READ DESCRIPTION! NEW & SEALED (2 free accessories),Nov-1 16:22,solito67
New ListingApple iPhone 16 Pro 1TB Unlocked Desert Titanium - BRAND NEW & SEALED,"NT$ 47,456","+NT$ 2,601 shipping estimate",New (Other) · Apple iPhone 16 Pro Max · Unlocked · 1 TB,Nov-1 16:21,keemo31
New ListingApple iPhone 14 Pro - 128 GB - Black (AT&T),"NT$ 18,360","+NT$ 1,748 shipping",Brand New · Apple iPhone 14 Pro · 128 GB · AT&T,Nov-1 15:42,ketho2529
Purple iPhone 14 Pro Max - (DEAD SCREEN),"NT$ 6,386","+NT$ 1,132 shipping",Parts Only · Apple iPhone 14 Pro Max · 128 GB · Unlocked,Nov-1 15:39,wesammy
Apple iPhone SE Unlocked 16GB Gold - Good,"NT$ 1,565",+NT$ 924 shipping,Good - Refurbished · Apple iPhone SE · 64 GB · Unlocked,Nov-1 15:03,buybackboss
Apple iPhone SE - 16GB - Rose Gold (Unlocked) A1723 (CDMA + GSM) Boxed Excellent,"NT$ 1,857",+NT$ 962 shipping estimate,Pre-Owned · Apple iPhone SE · Unlocked · 16 GB,Nov-1 14:47,lynne123pinky
iPhone 16 Plus Teal ( Check ESN ) Sealed,"NT$ 23,948","+NT$ 2,218 shipping",Parts Only · Apple iPhone 16 Plus · 256 GB · U.S. Cellular,Nov-1 14:35,rjcltb-0693
iPhone 16 Pro White Titanium SEALED ( CHECK ESN ),"NT$ 26,023","+NT$ 2,286 shipping",Parts Only · Apple iPhone 16 Pro · 128 GB · U.S. Cellular,Nov-1 14:32,rjcltb-0693
OPEN BOX Apple iPhone 16 - 128GB - Teal (Verizon Only),"NT$ 20,719","+NT$ 1,497 shipping",Open Box · Apple iPhone 16 · 128 GB · Verizon,Nov-1 14:11,preston808
IPHONE 14 128GB MIDNIGHT ( AT&T ) BRAND NEW SEALED,"NT$ 15,933","+NT$ 1,643 shipping",Brand New · Apple iPhone 14 · 128 GB · AT&T,Nov-1 13:36,andydu1979
Brand new sealed iphone 16 pro max 256GB black titanium,"NT$ 47,415","+NT$ 2,599 shipping estimate",Brand New · Apple iPhone 16 Pro Max · Unlocked · 256 GB,Nov-1 13:35,sawo1233
"Apple iPhone 14 Pro 6.1"" Unlocked w/128GB (Black) - Good","NT$ 18,291","+NT$ 1,417 shipping",Good - Refurbished · Apple iPhone 14 Pro · 128 GB · Unlocked,Nov-1 13:33,tekdeals
Apple iPhone 14 A2649 128GB In Midnight T-Mobile Clean IMEI,"NT$ 13,730","+NT$ 1,283 shipping",Brand New · Apple iPhone 14 · 128 GB · T-Mobile,Nov-1 13:30,sellingtech13
Apple iPhone 14 A2649 In Midnight 128GB T-Mobile Clean IMEI,"NT$ 13,730","+NT$ 1,283 shipping",Brand New · Apple iPhone 14 · 128 GB · T-Mobile,Nov-1 13:30,sellingtech13
Apple iPhone 14 Pro Max - 128GB - Purple (Unlocked) - PARTS/REPAIR *READ*,"NT$ 25,544","+NT$ 1,792 shipping",Parts Only · Apple iPhone 14 Pro Max · 128 GB · Unlocked,Nov-1 12:33,rohan1223
Apple iPhone 3GS - 16Gb - Black  ( Unlocked ) Mobile Phone,"NT$ 2,063",+NT$ 789 shipping estimate,Pre-Owned · Apple iPhone 3GS · Unlocked · 16 GB,Nov-1 11:53,fon3s
"Apple iPhone 14 pro max 128gb **UNLOCKED**, Gold, Used","NT$ 12,772","+NT$ 1,462 shipping",Pre-Owned · Apple iPhone 14 Pro Max · 128 GB · Unlocked,Nov-1 11:49,meishieandmooshie
Apple iPhone 16 Pro Max - 256 GB - Desert Titanium (Verizon) Only Sealed NEW,"NT$ 40,710","+NT$ 1,965 shipping",Brand New · Apple iPhone 16 Pro Max · 256 GB · Verizon,Nov-1 11:25,yukis45
Apple iPhone 5s - 16 GB - Space Gray (Rogers Wireless) A1533 (CDMA + GSM),NT$ 183,+NT$ 399 delivery,Parts Only,Nov-1 10:20,seannava9
Apple iPhone 14 Pro - 1TB Deep Purple (Unlocked) Very Good Condition,"NT$ 25,544","+NT$ 1,388 delivery",Pre-Owned ¬∑ Apple iPhone 14 Pro ¬∑ 1 TB ¬∑ Unlocked,Nov-1 09:58,cellstoreusa
New Sealed Apple iPhone 14 - 128GB (Product) RED - MPV73LL/A VERIZON 5G Cell,"NT$ 15,965","+NT$ 1,357 delivery",Brand New ¬∑ Apple iPhone 14 ¬∑ 128 GB ¬∑ Verizon,Nov-1 09:49,deviceflow
Apple iPhone 16 Pro Max 1TB White Titanium Unlocked New Sealed,"NT$ 79,793","+NT$ 6,386 delivery",Brand New ¬∑ Apple iPhone 16 Pro Max ¬∑ 1 TB ¬∑ Unlocked,Nov-1 09:39,rareappleios
Apple iPhone 16 Pro Max 1TB Natural titanium Unlocked New Sealed,"NT$ 79,793","+NT$ 6,386 delivery",Brand New ¬∑ Apple iPhone 16 Pro Max ¬∑ 1 TB ¬∑ Unlocked,Nov-1 09:36,rareappleios
Apple iPhone 7 - 128 GB - Black (Unlocked),NT$ 798,+NT$ 896 delivery,Pre-Owned ¬∑ Apple iPhone 7 ¬∑ 128 GB ¬∑ Unlocked,Nov-1 09:02,pang5722
Brand New Never Been Open Apple iPhone 16 Plus (2024) 256GB Smartphone - Teal,"NT$ 27,648","+NT$ 2,064 shipping estimate",Brand New ¬∑ Unlocked ¬∑ 256 GB,Nov-1 08:51,keira-25-1
Apple iPhone 6 - 16GB - Gold,NT$ 502,+NT$ 346 delivery,Pre-Owned,Nov-1 08:14,venteetreparationd0
Apple iPhone 16 Pro 128GB Black Titanium 128GB 128GB Cellphone MYND3HX/A,"NT$ 52,685",+NT$ 865 delivery,Brand New,Nov-1 07:31,eeeshop
iPhone 16 Pro Max 1TB Black Titanium - UNLOCKED -‚Äî BRAND NEW IN BOX -- ESIM ONLY,"NT$ 47,895","+NT$ 2,463 delivery",Brand New ¬∑ Apple iPhone 16 Pro Max ¬∑ 1 TB ¬∑ Unlocked,Nov-1 07:15,cornnut44
Apple  iPhone 16 Pro 128GB Desert Titanium (Unlocked),"NT$ 24,760","+NT$ 2,210 shipping estimate",Brand New ¬∑ Apple iPhone 16 Pro ¬∑ Unlocked ¬∑ 128 GB,Nov-1 07:08,gulfam1982
‚úîÔ∏èBrand New Sealed - Apple iPhone 16 Pro Max ( Unlocked ) 256GB Natural Titanium,"NT$ 46,267","+NT$ 2,146 delivery",Brand New ¬∑ Apple iPhone 16 Pro Max ¬∑ 256 GB ¬∑ Unlocked,Nov-1 07:02,nailacherr0
Apple iPhone 14 128GB Verizon eSim Only A2649 Blue MPVH3LL/A Brandnew Sealed,"NT$ 15,963","+NT$ 1,349 delivery",Brand New ¬∑ Apple iPhone 14 ¬∑ 128 GB ¬∑ Verizon,Nov-1 05:45,evalueexpo
Apple iPhone 16 Plus 512GB (Black) Unlocked RRP ¬£1199.00 + ¬£30 OFF PROMO CODE,"NT$ 40,852","+NT$ 2,127 shipping estimate",Brand New ¬∑ Apple iPhone 16 Plus ¬∑ Unlocked ¬∑ 512 GB,Nov-1 04:25,tech-for-you-03
Apple iPhone 5S (ME432B/A) 16GB (Unlocked) - Space Grey A1457 in good condition,NT$ 825,"+NT$ 1,139 shipping estimate",Pre-Owned ¬∑ Apple iPhone 5s ¬∑ Unlocked ¬∑ 16 GB,Nov-1 03:42,countacclaim
New ListingOriginal&Functional Apple iPhone SE 1st gen(2016)  16GB UNLOCKED Any Carrier,"NT$ 1,884 to NT$ 2,203",Free International Shipping,Pre-Owned,Nov-1 03:16,cuisi_26
iPhone 16 HD Clear Film Screen Protector 9H Hardness Tempered Glass Film 3 Pack,NT$ 479,+NT$ 600 delivery,Brand New ¬∑ 12 KB,Nov-1 03:05,foxmarket_bs
iPhone 16 Case Card Holder Wallet PU Leather Shockproof Protective Phone Cover,NT$ 702,+NT$ 607 delivery,Brand New ¬∑ 12 KB,Nov-1 03:01,foxmarket_bs
iPhone 16 Pro Case Girls Fashion Card Holder Soft TPU Shockproof Defender Cover,NT$ 702,+NT$ 607 delivery,Brand New ¬∑ 12 KB,Nov-1 02:56,foxmarket_bs
iPhone 16 Pro Case Card Holder Women Soft TPU Shockproof Protective Girly Cover,NT$ 702,+NT$ 607 delivery,Brand New ¬∑ 12 KB,Nov-1 02:49,foxmarket_bs
iPhone 16 Pro Case Card Holder Soft TPU Shockproof Defender Durable Phone Cover,NT$ 702,+NT$ 607 delivery,Brand New ¬∑ 12 KB,Nov-1 02:41,foxmarket_bs
iPhone 16 Pro Case Wallet Card Holder Shockproof Protective Durable Phone Cover,NT$ 702,+NT$ 607 delivery,Brand New ¬∑ 12 KB,Nov-1 02:31,foxmarket_bs
Apple iPhone 3G 16 GB Black Factory Sealed Sealed Sealed Original Packaging,"NT$ 172,619",+NT$ 35 delivery,Brand New,Nov-1 01:57,milla4987
iPhone 16 Pro,"NT$ 45,393","+NT$ 2,530 shipping estimate",Brand New ¬∑ Apple iPhone 16 Pro ¬∑ 128 GB,Nov-1 01:43,shim0121
New ListingSealed Apple iPhone SE 1st gen(2016) Gold 16/32/64/128GB UNLOCKED Any Carrier,"NT$ 2,435 to NT$ 3,713",Free International Shipping,Open Box,Nov-1 01:41,cuisi_26
New ListingSealed Apple iPhone SE 1st gen(2016) Gray 16/32/64/128GB UNLOCKED Any Carrier,"NT$ 2,435 to NT$ 3,713",Free International Shipping,Open Box,Nov-1 01:37,cuisi_26
Apple iPhone 5S 16GB | RARE ORIGINAL FIRMWARE iOS 8 (8.1.3) | JB | UNLOCKED| 65%,"NT$ 5,268",+NT$ 901 delivery,Pre-Owned ¬∑ Apple iPhone 5s ¬∑ 16 GB ¬∑ Unlocked,Nov-1 01:10,1elaser
Apple iPhone 7 Plus 7+ 32GB A1661 UNLOCKED | JB | iOS 15 (15.8) | 86% BATTERY,"NT$ 4,470",Shipping not specified,Pre-Owned ¬∑ Apple iPhone 7 Plus ¬∑ 32 GB ¬∑ Unlocked,Nov-1 01:09,1elaser
Apple iPhone 6S Plus 6S+ A1687 16GB UNLOCKED | iOS 15 (15.1) | JB | 100% Batt,"NT$ 2,554",+NT$ 901 delivery,Pre-Owned ¬∑ Apple iPhone 6s Plus ¬∑ 16 GB ¬∑ Unlocked,Nov-1 01:09,1elaser
Apple iPhone 7 A1660 128GB UNLOCKED | JB iOS 15 (15.5) | 98% | B+ Condition,"NT$ 3,991",+NT$ 901 delivery,Pre-Owned ¬∑ Apple iPhone 7 ¬∑ 128 GB ¬∑ Unlocked,Nov-1 01:07,1elaser
Apple iPhone 6 - 16GB - Space Grey (Unlocked) A1586 (CDMA + GSM),NT$ 90,+NT$ 864 shipping estimate,Pre-Owned ¬∑ Apple iPhone 6 ¬∑ Unlocked ¬∑ 16 GB,Nov-1 00:44,dashopltd-0
Apple iPhone 14 Pro Max 512GB Black - AT&T  Smartphone w/ 100% batt! 7586301,"NT$ 22,032","+NT$ 1,536 delivery",Open Box ¬∑ Apple iPhone 14 Pro Max ¬∑ 512 GB ¬∑ AT&T,Nov-1 00:13,thegizmotrader
Apple iPhone 5 A1429 16GB Unlocked Smartphone Black,"NT$ 1,319",+NT$ 531 delivery,Pre-Owned ¬∑ Apple ¬∑ Apple iPhone 5,Oct-31 20:41,sthoc24
Apple iPhone 16 Pro 128GB UNLOCKED Desert Titanium 2024 Dual SIM ‚úÖJAPAN‚úÖNEW,"NT$ 49,428",Free International Shipping,Brand New ¬∑ Apple iPhone 16 Pro ¬∑ 128 GB ¬∑ Unlocked,Oct-31 20:18,smappie-japan
Apple iPhone 14 Pro Max - 256 GB - Purple (Unlocked),"NT$ 25,544","+NT$ 1,792 delivery",Pre-Owned ¬∑ Apple iPhone 14 Pro Max ¬∑ 256 GB ¬∑ Unlocked,Oct-31 19:40,upelectronic1706
Apple iPhone 14 Pro Max 1TB - Space Black UNLOCKED Excellent Condition,"NT$ 19,158","+NT$ 1,418 delivery",Pre-Owned ¬∑ Apple iPhone 14 Pro Max ¬∑ 1 TB ¬∑ Unlocked,Oct-31 19:08,chicagogeorge
Apple iPhone 16 promax Natural Titanium unlocked NIB No Carrier NEW 256 gb,"NT$ 51,088","+NT$ 2,302 delivery",Brand New ¬∑ Apple iPhone 16 Pro Max ¬∑ 256 GB ¬∑ Unlocked,Oct-31 18:21,nellybelly628
Apple iPhone 16 Pro - 128GB - Natural Titanium (XFINITY) NEW **FOR PARTS ONLY**,"NT$ 25,415","+NT$ 1,706 delivery",Parts Only ¬∑ Apple iPhone 16 Pro ¬∑ 128 GB ¬∑ Xfinity,Oct-31 17:50,mobileverge
Apple iPhone 16 Pro - 128 GB - Desert Titanium  (Unlocked),"NT$ 35,123","+NT$ 2,104 delivery",Brand New ¬∑ Apple iPhone 16 Pro ¬∑ 128 GB ¬∑ Unlocked,Oct-31 17:44,adsil4
3x Apple iPhone 4 - 16GB - Black A1332,"NT$ 2,094","+NT$ 1,046 delivery",Pre-Owned ¬∑ Apple ¬∑ iPhone 4,Oct-31 17:29,mick85957
open box Apple iPhone 14 Pro MAX 256gb SILVER Factory Unlocked,"NT$ 27,140","+NT$ 1,524 delivery",Open Box ¬∑ Apple iPhone 14 Pro Max ¬∑ 256 GB ¬∑ Unlocked,Oct-31 17:22,artblue2007
Apple iPhone 7 Plus - Silver - 128GB - (Unlocked) - A1661 - WORKS GREAT,NT$ 990,+NT$ 767 delivery,Pre-Owned ¬∑ Apple iPhone 7 Plus ¬∑ 128 GB ¬∑ Unlocked,Oct-31 17:00,samanthatronics
Apple iPhone SE (1st Gen) - A1723 - 16GB - Gray - Sprint (1029T),NT$ 926,+NT$ 588 delivery,Pre-Owned ¬∑ Apple iPhone SE ¬∑ 16 GB ¬∑ Sprint,Oct-31 16:40,yourwsa2
APPLE IPHONE 16 PRO MAX 256GB (UNLOCKED) BLACK ‚úÖPHYSICAL SIM CARD TRAY‚úÖ‚ùñSEALED‚ùñ,"NT$ 45,946","+NT$ 2,051 delivery",‚úàÔ∏è FREE 2 DAYS‚úàÔ∏è‚îÇ‚úÖFULL APPLE WARRANTY‚úÖ‚îÇüî• BEST PRICE üî•,Oct-31 16:37,santamonicawireless
Apple iPhone 6s - Silver - 16GB - (Unlocked) - A1688 - WORKS GREAT,NT$ 638,+NT$ 755 delivery,Pre-Owned ¬∑ Apple iPhone 6s ¬∑ 16 GB ¬∑ Unlocked,Oct-31 16:29,samanthatronics
Apple iPhone 5S - A1533 - 16GB - Black - AT&T (1029E),NT$ 798,+NT$ 584 delivery,Pre-Owned ¬∑ Apple iPhone 5s ¬∑ 16 GB ¬∑ AT&T,Oct-31 16:10,yourwsa2
Apple iPhone 7 - A1778 - 32GB - Black - T-Mobile (1029D),"NT$ 1,245",+NT$ 598 delivery,Pre-Owned ¬∑ Apple iPhone 7 ¬∑ 32 GB ¬∑ T-Mobile,Oct-31 16:08,yourwsa2
Apple iPhone 5S - A1533 - 16GB - Black - Unlocked (1030S),NT$ 734,+NT$ 582 delivery,Pre-Owned ¬∑ Apple iPhone 5s ¬∑ 16 GB ¬∑ Unlocked,Oct-31 15:38,yourwsa2
Apple iPhone 4S 16gb Rare iOS7 Vintage Rare,"NT$ 1,649",+NT$ 990 shipping estimate,Pre-Owned ¬∑ Apple iPhone 4s ¬∑ Unlocked ¬∑ 16 GB,Oct-31 15:36,threstooges
Apple iPhone 7 - A1660 - 32GB - Black - Verizon (1030Q),"NT$ 1,245",+NT$ 598 delivery,Pre-Owned ¬∑ Apple iPhone 7 ¬∑ 32 GB ¬∑ Verizon,Oct-31 15:34,yourwsa2
Apple iPhone 5 - 16 Gig - White,NT$ 825,"+NT$ 1,553 shipping estimate",Parts Only ¬∑ Apple iPhone 5 ¬∑ EE ¬∑ 16 GB,Oct-31 15:21,adamsou24
Apple iPhone 16 Pro Max 256GB Desert Titanium- Sprint,"NT$ 38,955","+NT$ 2,136 delivery",Brand New ¬∑ Apple iPhone 16 Pro Max ¬∑ 256 GB ¬∑ Sprint,Oct-31 14:41,louidollarhid_0
iPhone 14 Pro Max 1TB Unlocked Space Black,"NT$ 16,923","+NT$ 1,515 delivery",Pre-Owned ¬∑ Apple iPhone 14 Pro Max ¬∑ 1 TB ¬∑ Unlocked,Oct-31 14:36,jerrylieblich
Apple iPhone 5 - 16GB - White & Silver (Fido) A1428 (GSM),NT$ 183,+NT$ 399 delivery,Parts Only,Oct-31 14:18,seannava9
iPhone 14 Pro 128GB Unlocked (All Carriers) Black - Excellent - 60 Day Returns,"NT$ 19,477","+NT$ 1,453 delivery",60 Day Free Return + 1 Year Allstate Warranty,Oct-31 14:00,mobileworldny
New ListingApple Iphone 14 Pro Max Space Black 256gb New Sealed Unlocked,"NT$ 31,898","+NT$ 1,679 delivery",Brand New ¬∑ Apple iPhone 14 Pro Max ¬∑ 256 GB ¬∑ Unlocked,Oct-31 13:35,benchventures
Apple iPhone 14 Pro Max - Black - 128GB - (Xfinity) - WORKS GREAT,"NT$ 3,975",+NT$ 864 delivery,Pre-Owned ¬∑ Apple iPhone 14 Pro Max ¬∑ 128 GB ¬∑ Xfinity,Oct-31 13:33,samanthatronics
Apple Iphone 14 Pro Max 14 Deep Purple 128gb New Sealed Unlocked,"NT$ 30,493","+NT$ 1,633 delivery",Brand New ¬∑ Apple iPhone 14 Pro Max ¬∑ 128 GB ¬∑ Unlocked,Oct-31 13:30,benchventures
Apple iPhone 14 Pro Max - 256GB - AT&T Locked - Very Good Condition,"NT$ 23,309","+NT$ 1,566 delivery",Free 2-Day Shipping | 1 YEAR WARRANTY| Free Returns,Oct-31 13:28,electro-wireless
Apple Iphone 14 Pro Gold 128gb New Sealed Unlocked,"NT$ 25,512","+NT$ 1,471 delivery",Brand New ¬∑ Apple iPhone 14 Pro ¬∑ 128 GB ¬∑ Unlocked,Oct-31 13:26,benchventures
Apple Iphone 14 Pro Deep Purple 128gb New Sealed Unlocked,"NT$ 25,512","+NT$ 1,471 delivery",Brand New ¬∑ Apple iPhone 14 Pro ¬∑ 128 GB ¬∑ Unlocked,Oct-31 13:20,benchventures
Apple Iphone 14 Pro Space Black 128gb New Sealed Unlocked,"NT$ 25,512","+NT$ 1,471 delivery",Brand New ¬∑ Apple iPhone 14 Pro ¬∑ 128 GB ¬∑ Unlocked,Oct-31 13:16,benchventures
Apple Iphone 14 Pro Silver 128gb New Sealed Unlocked,"NT$ 25,512","+NT$ 1,471 delivery",Brand New ¬∑ Apple iPhone 14 Pro ¬∑ 128 GB ¬∑ Unlocked,Oct-31 13:12,benchventures
Apple Iphone 14 Midnight 128gb New Sealed Unlocked,"NT$ 18,807","+NT$ 1,441 delivery",Brand New ¬∑ Apple iPhone 14 ¬∑ 128 GB ¬∑ Unlocked,Oct-31 13:09,benchventures
Apple Iphone 14 Midnight 256gb New Sealed Unlocked,"NT$ 22,319","+NT$ 1,544 delivery",Brand New ¬∑ Apple iPhone 14 ¬∑ 256 GB ¬∑ Unlocked,Oct-31 13:06,benchventures
Apple iPhone 16 Pro Max 256GB Natural Titanium Verizon New,"NT$ 40,711","+NT$ 1,965 delivery",Brand New ¬∑ Apple iPhone 16 Pro Max ¬∑ 256 GB ¬∑ Verizon,Oct-31 13:03,the_ac_project
iPhone 14 Pro Max Space Black 256GB UNLOCKED Original Packaging Condition A-,"NT$ 14,528","+NT$ 1,349 delivery",Pre-Owned ¬∑ Apple iPhone 14 Pro Max ¬∑ 256 GB ¬∑ Unlocked,Oct-31 13:00,jabut_5809
Apple iPhone 14 - 128GB - Black - Fully Unlocked 5G E-Sim - Visible Scratches,"NT$ 12,452","+NT$ 1,245 delivery",Good - Refurbished ¬∑ Apple iPhone 14 ¬∑ 128 GB ¬∑ Unlocked,Oct-31 12:32,syn_ergy
Apple iPhone 5c 16GB White Vodafone GOOD CONDITION GRADE B 489,NT$ 866,"+NT$ 1,238 delivery",Pre-Owned ¬∑ Apple iPhone 5c ¬∑ Vodafone ¬∑ 16 GB,Oct-31 12:31,ecoutlet
Apple iPhone 14 - 128GB - Blue - Fully Unlocked 5G E-Sim - Visible Scratches,"NT$ 12,452","+NT$ 1,245 delivery",Good - Refurbished ¬∑ Apple iPhone 14 ¬∑ 128 GB ¬∑ Unlocked,Oct-31 12:30,syn_ergy
Apple iPhone 16 Pro Max 256GB Verizon Black Titanium  *READ DESCRIPTION*,"NT$ 32,888","+NT$ 1,711 delivery",Parts Only ¬∑ Apple iPhone 16 Pro Max ¬∑ 256 GB ¬∑ Verizon,Oct-31 11:47,cliffgadgetguy
Apple Iphone 14 128gb Midnight(T-Mobile),"NT$ 13,411","+NT$ 1,282 delivery",Open Box ¬∑ Apple iPhone 14 ¬∑ 128 GB ¬∑ T-Mobile,Oct-31 11:39,ersglobal
"Apple  iPhone 16 Pro 128GB Titanium Natural Brand New, Boxed, Sealed (Unlocked)","NT$ 37,139","+NT$ 2,245 shipping estimate",Brand New ¬∑ Apple iPhone 16 Pro ¬∑ Unlocked ¬∑ 128 GB,Oct-31 11:21,crownking
"Apple  iPhone 16 Pro 128GB Titanium Black - Brand New, Boxed & Sealed (Unlocked)","NT$ 37,965","+NT$ 2,273 shipping estimate",Brand New ¬∑ Apple iPhone 16 Pro ¬∑ Unlocked ¬∑ 128 GB,Oct-31 11:11,crownking
iPhone 14 Pro - 128gb - Deep Purple (AT&T ONLY) (I23) READ DESCRIPTION,"NT$ 16,444","+NT$ 1,905 delivery",Pre-Owned ¬∑ Apple iPhone 14 Pro ¬∑ 128 GB ¬∑ AT&T,Oct-31 11:05,mrpexports
iPhone 14 - 128gb - Blue (Unlocked) (I22) READ DESCRIPTION,"NT$ 15,965","+NT$ 1,905 delivery",Pre-Owned ¬∑ Apple iPhone 14 ¬∑ 128 GB ¬∑ Unlocked,Oct-31 10:50,mrpexports
Apple iPhone 16 Pro Max 1TB (Unlocked) - White Titanium üì¶ FREE Overnight,"NT$ 67,053","+NT$ 2,737 delivery",Brand New ¬∑ Apple iPhone 16 Pro Max ¬∑ 1 TB ¬∑ Unlocked,Oct-31 10:49,oakglencomputers
Apple iPhone SE - 16GB - Space Grey (Unlocked) A1723 (CDMA + GSM),NT$ 825,+NT$ 773 shipping estimate,Parts Only ¬∑ Apple iPhone SE ¬∑ Unlocked ¬∑ 16 GB,Oct-31 10:40,terb-777
Apple iPhone 14 Pro Max A2651 128GB In Deep Purple T-Mobile Clean IMEI,"NT$ 24,426","+NT$ 1,352 delivery",Brand New ¬∑ Apple iPhone 14 Pro Max ¬∑ 128 GB ¬∑ T-Mobile,Oct-31 10:25,sellingtech13
Apple iPhone 7 PLUS - 32gb - BLACK (T-MOBILE) (Read Description) 9606,NT$ 271,+NT$ 820 delivery,Pre-Owned ¬∑ Apple iPhone 7 Plus ¬∑ 32 GB ¬∑ T-Mobile,Oct-31 10:16,shopperhive
Apple iPhone 7 PLUS - 256gb - BLACK (ATT) (Read Description) 2736,NT$ 319,+NT$ 822 delivery,Pre-Owned ¬∑ Apple iPhone 7 Plus ¬∑ 256 GB ¬∑ AT&T,Oct-31 10:11,shopperhive
iphone 16 pro max 1tb -Desert  titanium ****SEALED****,"NT$ 55,710","+NT$ 3,061 shipping estimate",Brand New ¬∑ Apple iPhone 16 Pro Max ¬∑ 1 TB,Oct-31 09:50,hajti0
EXCELLENT Apple iPhone 14 Pro Max - 256GB - Deep Purple (AT&T Only)üîã97% BATTERY,"NT$ 18,803",Shipping not specified,Pre-Owned ¬∑ Apple iPhone 14 Pro Max ¬∑ 256 GB ¬∑ AT&T,Oct-31 09:32,preston808
New iPhone 16 Pro,"NT$ 23,341",+NT$ 559 delivery,Brand New ¬∑ Apple iPhone 16 Pro ¬∑ 128 GB ¬∑ Unlocked,Oct-31 09:32,sivas-2177
Apple iPhone 16 - 128 GB - Teal (BRAND NEW),"NT$ 22,351","+NT$ 1,836 delivery",Brand New ¬∑ Apple iPhone 16 ¬∑ 128 GB ¬∑ Verizon,Oct-31 09:02,soldbyshorty
iPhone 14 Pro Max - 128gb - Deep Purple (AT&T ONLY) (I17) READ DESCRIPTION,"NT$ 17,562","+NT$ 1,905 delivery",Pre-Owned ¬∑ Apple iPhone 14 Pro Max ¬∑ 128 GB ¬∑ AT&T,Oct-31 08:57,mrpexports
Apple iPhone 16 256GB Black Unlocked - NEW & SEALED,"NT$ 28,737","+NT$ 1,576 delivery",Brand New ¬∑ Apple iPhone 16 ¬∑ 256 GB ¬∑ Unlocked,Oct-31 08:36,itsworthmore
iphone 16 pro max 1tb black,"NT$ 59,836","+NT$ 3,420 shipping estimate",Brand New ¬∑ Apple iPhone 16 Pro Max ¬∑ Unlocked ¬∑ 1 TB,Oct-31 08:32,ramrod-1
iPhone 16 Pro + iPad 10th Generation,"NT$ 44,702",+NT$ 901 delivery,Brand New ¬∑ Apple iPhone 16 Pro ¬∑ 128 GB ¬∑ Unlocked,Oct-31 08:26,sivas-2177
Apple iPhone 14 Pro - 128 GB - Black (T-Mobile Only) E-Sim - Good,"NT$ 15,007","+NT$ 1,321 delivery",Good - Refurbished ¬∑ Apple iPhone 14 Pro ¬∑ 128 GB ¬∑ T-Mobile,Oct-31 08:21,syn_ergy
(2) Apple iPhone 7 - 32 GB - Black  And White (Unlocked),NT$ 702,+NT$ 905 delivery,Parts Only ¬∑ Apple iPhone 7 ¬∑ 32 GB ¬∑ Unlocked,Oct-31 08:21,invicta-tech
iPhone 12 Mini  - 64gb - Black (AT&T ONLY) (I16) READ DESCRIPTION,"NT$ 7,823","+NT$ 1,905 delivery",Pre-Owned ¬∑ Apple iPhone 12 mini ¬∑ 64 GB ¬∑ AT&T,Oct-31 08:18,mrpexports
Apple iPhone 14 Pro - 128GB - Black - Fully Unlocked 5G E-Sim (Good),"NT$ 17,241","+NT$ 1,386 delivery",Good - Refurbished ¬∑ Apple iPhone 14 Pro ¬∑ 128 GB ¬∑ Unlocked,Oct-31 08:18,syn_ergy
Apple iPhone 4s 16GB White Unlocked,NT$ 32,+NT$ 785 delivery,Pre-Owned ¬∑ Apple iPhone 4s ¬∑ 16 GB ¬∑ AT&T,Oct-31 07:55,rodbe7440
Apple iPhone 14 Pro Max - 128GB - Purple (T-Mobile Only) E-Sim - Good,"NT$ 17,242","+NT$ 1,386 delivery",Good - Refurbished ¬∑ Apple iPhone 14 Pro Max ¬∑ 128 GB ¬∑ T-Mobile,Oct-31 07:49,syn_ergy
Apple iPhone 16 Pro Max 256gb Black Titanium W/AppleCare+,"NT$ 35,921","+NT$ 2,214 delivery",Pre-Owned ¬∑ Apple iPhone 16 Pro Max ¬∑ 256 GB ¬∑ Unlocked,Oct-31 07:48,meishieandmooshie
Apple iPhone 14 Pro Max - 128 GB - Black (T-Mobile Only) E-Sim - Good,"NT$ 17,242","+NT$ 1,386 delivery",Good - Refurbished ¬∑ Apple iPhone 14 Pro Max ¬∑ 128 GB ¬∑ T-Mobile,Oct-31 07:47,syn_ergy
Apple iPhone 14 Pro Max - 128GB - AT&T Locked - Very Good Condition,"NT$ 20,435","+NT$ 1,481 delivery",Free 2-Day Shipping | 1 YEAR WARRANTY| Free Returns,Oct-31 07:30,electro-wireless
For iPhone 16 15 14 13 Pro Max Shockproof MagSafe Case Magnetic Rugged Cover,NT$ 360 to NT$ 364,+NT$ 889 delivery,Brand New,Oct-31 07:30,u-geek
Apple iPhone 14 Pro - 512GB - Silver - Fully Unlocked 5G E-Sim (Good),"NT$ 19,156","+NT$ 1,443 delivery",Good - Refurbished ¬∑ Apple iPhone 14 Pro ¬∑ 512 GB ¬∑ Unlocked,Oct-31 07:20,syn_ergy
Apple iPhone 16 128GB Ultramarine Cellphone MYEC3HX/A,"NT$ 38,986",+NT$ 865 delivery,Brand New,Oct-31 07:19,eeeshop
Apple iPhone 16 Pro 5G Dual-SIM / Internal Memory 256GB MYNK3ZD/A Smartphone,"NT$ 56,940",+NT$ 865 delivery,Brand New,Oct-31 07:19,eeeshop
Apple iPhone 16 Pro 5G Dual-SIM / Internal Memory 256GB MYNJ3ZD/A Smartphone,"NT$ 54,172",+NT$ 865 delivery,Brand New,Oct-31 07:19,eeeshop
Apple iPhone 16 5G Dual-SIM / Internal Memory 256GB OLED MYEE3ZD/A Smartphone,"NT$ 43,587",+NT$ 865 delivery,Brand New,Oct-31 07:19,eeeshop
Apple iPhone 16 128GB Teal Cellphone MYED3HX/A,"NT$ 38,986",+NT$ 865 delivery,Brand New,Oct-31 07:19,eeeshop
Apple iPhone 16 Pro 5G Dual-SIM / Internal Memory 128GB MYNE3ZD/A Smartphone,"NT$ 50,402",+NT$ 865 delivery,Brand New,Oct-31 07:19,eeeshop
Apple iPhone 14 Pro Max - 128GB - Silver - Fully Unlocked 5G E-Sim (Good),"NT$ 19,477","+NT$ 1,453 delivery",Good - Refurbished ¬∑ Apple iPhone 14 Pro Max ¬∑ 128 GB ¬∑ Unlocked,Oct-31 07:01,syn_ergy
Apple iPhone 14 Pro Max - 256GB - Gold - Fully Unlocked 5G E-Sim (Good),"NT$ 20,116","+NT$ 1,471 delivery",Good - Refurbished ¬∑ Apple iPhone 14 Pro Max ¬∑ 256 GB ¬∑ Unlocked,Oct-31 06:58,syn_ergy
New ListingApple iPhone 14 Pro Max - 128 GB - Black (Unlocked),"NT$ 22,351","+NT$ 1,803 delivery",Open Box ¬∑ Apple iPhone 14 Pro Max ¬∑ 128 GB ¬∑ Unlocked,Oct-31 05:33,jowoe_82
"New Apple iPhone 15 5G Smartphone - 48MP Camera, A16 Bionic, iOS 17","NT$ 30,551 to NT$ 41,382",Free International Shipping,Brand New,Oct-31 05:28,leadskyhk
"Apple iPhone 16 Plus 6.7"" 128GB Ultramarine Unlocked 5G - 100% BH - New / Unused","NT$ 35,035","+NT$ 2,172 shipping estimate",Brand New ¬∑ Apple iPhone 16 Plus ¬∑ Unlocked ¬∑ 128 GB,Oct-31 05:27,mainlymacs
"Apple iPhone 16 Plus 6.7"" 128GB Pink Unlocked 5G - 100% BH - New / Unused","NT$ 35,035","+NT$ 2,172 shipping estimate",Brand New ¬∑ Apple iPhone 16 Plus ¬∑ Unlocked ¬∑ 128 GB,Oct-31 05:18,mainlymacs
"New Apple iPhone 15 5G Smartphone - 48MP Camera, A16 Bionic, iOS 17","NT$ 30,540 to NT$ 41,368",Free International Shipping,Brand New,Oct-31 05:04,leadskyhk
Apple iPhone 16 Pro Max DESERT TITANIUM 256GB ‚úÖ BRAND NEW & SEALED,"NT$ 61,858","+NT$ 3,098 shipping estimate",Brand New ¬∑ Apple iPhone 16 Pro Max ¬∑ Unlocked ¬∑ 256 GB,Oct-31 04:42,lakeside00901
Apple iPhone 16 Pro 1TB With Titanium New Sealed,"NT$ 55,349",+NT$ 861 delivery,New (Other),Oct-31 04:32,yacgui_4
New ListingApple iPhone 6 - 16GB - Space Grey (Unlocked) A1586 (CDMA + GSM),"NT$ 1,217",+NT$ 799 shipping estimate,Pre-Owned ¬∑ Apple iPhone 6 ¬∑ Unlocked ¬∑ 16 GB,Oct-31 04:08,guy6894
APPLE I PHONE 5 WHITE WITH NEW EAR PODS 16 GB BOXED,"NT$ 1,155","+NT$ 1,620 shipping estimate",Pre-Owned ¬∑ Apple iPhone 5 ¬∑ 16 GB,Oct-31 03:29,welchjl19
"Apple iPhone 16 - 128 GB, Black BRAND NEW  SEALED UNLOCKED","NT$ 30,537","+NT$ 2,017 shipping estimate",Brand New ¬∑ Apple iPhone 16 ¬∑ Unlocked ¬∑ 128 GB,Oct-31 02:47,phonehouse2022
Apple iPhone 6 16/32/64/128GB Gray/Silver/Gold Factory UNLOCKED(any carrier),"NT$ 1,756 to NT$ 2,426",Free International Shipping,Open Box,Oct-31 02:42,ctmobile911
Apple iPhone 4 - 16 GB - White (Unlocked),"NT$ 1,118",+NT$ 479 delivery,Pre-Owned ¬∑ Apple iPhone 4 ¬∑ 16 GB ¬∑ Unlocked,Oct-31 02:14,vlado7_123
APPLE I PHONE 5 WHITE WITH NEW EAR PODS 16 GB BOXED,"NT$ 1,155","+NT$ 1,620 shipping estimate",Pre-Owned ¬∑ Apple iPhone 5 ¬∑ 16 GB,Oct-31 03:29,welchjl19
"Apple iPhone 16 - 128 GB, Black BRAND NEW  SEALED UNLOCKED","NT$ 30,537","+NT$ 2,017 shipping estimate",Brand New ¬∑ Apple iPhone 16 ¬∑ Unlocked ¬∑ 128 GB,Oct-31 02:47,phonehouse2022
Apple iPhone 6 16/32/64/128GB Gray/Silver/Gold Factory UNLOCKED(any carrier),"NT$ 1,756 to NT$ 2,426",Free International Shipping,Open Box,Oct-31 02:42,ctmobile911
Apple iPhone 4 - 16 GB - White (Unlocked),"NT$ 1,118",+NT$ 479 delivery,Pre-Owned ¬∑ Apple iPhone 4 ¬∑ 16 GB ¬∑ Unlocked,Oct-31 02:14,vlado7_123
Apple iPhone 5s - 16 GB - Silver (Unlocked),"NT$ 1,118",+NT$ 479 delivery,Pre-Owned ¬∑ Apple iPhone 5s ¬∑ 16 GB ¬∑ Unlocked,Oct-31 02:04,vlado7_123
Apple iPhone 5s - 16 GB - Black (Unlocked),"NT$ 1,118",+NT$ 479 delivery,Pre-Owned ¬∑ Apple iPhone 5s ¬∑ 16 GB ¬∑ Unlocked,Oct-31 02:02,vlado7_123
iPhone 16 Pro Max Case Slim Liquid Silicone Shockproof Protective Durable Cover,NT$ 702,+NT$ 607 delivery,Brand New ¬∑ 12 KB,Oct-31 01:47,foxmarket_bs
Apple iPhone 5s - 16GB - Gold  A1457 (GSM),"NT$ 1,031",+NT$ 907 shipping estimate,Pre-Owned ¬∑ Apple iPhone 5s ¬∑ 16 GB,Oct-31 01:46,sealingpoet2531
iPhone 16 Pro Max Case Heavy Duty Full Body Rugged Hard Shockproof Durable Cover,NT$ 702,+NT$ 607 delivery,Brand New ¬∑ 12 KB,Oct-31 01:44,foxmarket_bs
iPhone 16 Pro Max Case Magnetic Translucent Thin Slim Shockproof Bumper Cover,NT$ 702,+NT$ 607 delivery,Brand New ¬∑ 12 KB,Oct-31 01:40,foxmarket_bs
iPhone 16 Pro Max Case Heavy Duty Rugged Magnetic Defender Durable Phone Cover,NT$ 638,+NT$ 605 delivery,Brand New ¬∑ 12 KB,Oct-31 01:34,foxmarket_bs
iPhone 16 Pro Max Case Heavy Duty Rugged Magnetic Kickstand Durable Phone Cover,NT$ 638,+NT$ 605 delivery,Brand New ¬∑ 12 KB,Oct-31 01:31,foxmarket_bs
iPhone 16 Pro Max Case Heavy Duty Rugged Magnetic Kickstand Defender Phone Cover,NT$ 638,+NT$ 605 delivery,Brand New ¬∑ 12 KB,Oct-31 01:28,foxmarket_bs
Good! (T-Mobile) Apple iPhone 14 Pro Max - 256GB *Purple *Black *Silver *Gold,"NT$ 23,596 to NT$ 25,863","+NT$ 1,574 delivery",Good - Refurbished,Oct-30 23:23,calipaks-store
iPhone 14 Pro Max Unlocked - PRISTINE Condition,"NT$ 27,396","+NT$ 1,532 delivery",Pre-Owned ¬∑ Apple iPhone 14 Pro Max ¬∑ 256 GB ¬∑ Unlocked,Oct-30 21:12,skier4lyfe
Unlocked iPhone 14 Pro Max 1TB Gold - Mint With BUNDLE,"NT$ 28,737","+NT$ 1,576 delivery",Pre-Owned ¬∑ Apple iPhone 14 Pro Max ¬∑ 1 TB ¬∑ Unlocked,Oct-30 20:57,joeytran84
Apple iPhone 14 Pro Max - 512 GB - Silver (Unlocked) Clean And Almost Brand New,"NT$ 30,334","+NT$ 2,963 delivery",Has A Brand New Screen Protractor No Scratch,Oct-30 20:35,elkbeer10
Apple iPhone 5s - 16GB - White/Gold  A1457 Fully working A1457 No SIM card,"NT$ 1,319",+NT$ 531 delivery,Pre-Owned ¬∑ Apple ¬∑ Apple iPhone 5s,Oct-30 19:47,sthoc24
iphone 7 32gb unlocked,"NT$ 4,790",+NT$ 559 delivery,Pre-Owned ¬∑ Apple iPhone 7 ¬∑ 32 GB ¬∑ Unlocked,Oct-30 19:10,livingfortheweekend93
Apple iPhone 16 - 128 GB - White (BRAND NEW),"NT$ 22,351","+NT$ 1,836 delivery",Brand New ¬∑ Apple iPhone 16 ¬∑ 128 GB ¬∑ Verizon,Oct-30 19:02,soldbyshorty
Apple iPhone 16 Pro Max A3084 Unlocked 512GB Desert Titanium New In Box,"NT$ 47,895","+NT$ 2,519 delivery",Brand New ¬∑ Apple iPhone 16 Pro Max ¬∑ 512 GB ¬∑ Unlocked,Oct-30 18:51,chupa954
Apple iPhone 14 - 512 GB - Midnight (Unlocked) Excellent Condition,"NT$ 5,907","+NT$ 1,313 delivery",Pre-Owned ¬∑ Apple iPhone 14 ¬∑ 512 GB ¬∑ Unlocked,Oct-30 18:33,jacky-221
Factory Unlocked Apple iPhone 14 Pro Cracked Back,"NT$ 9,579","+NT$ 1,431 delivery",Parts Only ¬∑ Apple iPhone 14 Pro ¬∑ 1 TB ¬∑ Unlocked,Oct-30 18:06,youngmog13
Apple iPhone 14 - 128GB - Midnight (T-Mobile) - New Sealed,"NT$ 13,570","+NT$ 1,286 delivery",Brand New ¬∑ Apple iPhone 14 ¬∑ 128 GB ¬∑ T-Mobile,Oct-30 18:05,quikdeals704
Brand New Apple iPhone 16 Pro - 128 GB - Black (T-Mobile),"NT$ 23,979","+NT$ 2,028 delivery",Brand New ¬∑ Apple iPhone 16 Pro ¬∑ 128 GB ¬∑ T-Mobile,Oct-30 18:03,lawdogfrnak
Apple iPhone 14 Pro Max - 128 GB - Gold (Unlocked),"NT$ 11,016","+NT$ 1,257 delivery",Pre-Owned ¬∑ Apple iPhone 14 Pro Max ¬∑ 128 GB ¬∑ Unlocked,Oct-30 17:54,23_aces
"Apple iPhone 14 Pro Max (T-Mobile) 128GB, Black","NT$ 6,386","+NT$ 1,327 delivery",Parts Only ¬∑ Apple iPhone 14 Pro Max ¬∑ 128 GB ¬∑ T-Mobile,Oct-30 17:35,youngmog13
Apple iPhone SE A1662 - 16 GB - Space Gray (AT&T) (GSM),NT$ 607,+NT$ 935 delivery,Pre-Owned ¬∑ Apple iPhone SE ¬∑ 16 GB ¬∑ AT&T,Oct-30 17:20,yourwsa3
APPLE IPHONE 16 PRO MAX 256GB (FACTORY UNLOCKED)‚úÖPHYSICAL SIM CARD TRAY‚úÖ‚ùñSEALED‚ùñ,"NT$ 45,946","+NT$ 2,051 delivery",‚úàÔ∏è FREE 2 DAYS‚úàÔ∏è‚îÇ‚úÖFULL APPLE WARRANTY‚úÖ‚îÇüî• BEST PRICE üî•,Oct-30 17:12,santamonicawireless
Apple iPhone 13 - 128GB - Pink (Unlocked) AppleCare plus 16 Nov 24,"NT$ 11,967","+NT$ 1,131 shipping estimate",Pre-Owned ¬∑ Apple iPhone 13 ¬∑ Unlocked ¬∑ 128 GB,Oct-30 16:51,fatpr53
iPhone 14 Pro Max Unlocked Used Excellent Condition Open Box Included,"NT$ 28,705","+NT$ 2,181 delivery",Open Box ¬∑ Apple iPhone 14 Pro Max ¬∑ 256 GB ¬∑ Unlocked,Oct-30 16:49,feab_33
Apple iPhone 14 Pro - 128GB - Unlocked (Read Description),"NT$ 16,284","+NT$ 1,087 delivery",Pre-Owned ¬∑ Apple iPhone 14 Pro ¬∑ 128 GB ¬∑ Unlocked,Oct-30 16:31,buybackboss
Apple iPhone 14 Pro Max - 512GB - Unlocked (Read Description),"NT$ 16,124","+NT$ 1,082 delivery",Pre-Owned ¬∑ Apple iPhone 14 Pro Max ¬∑ 512 GB ¬∑ Unlocked,Oct-30 16:30,buybackboss
Apple iPhone 14 Pro Max - 512GB - Unlocked (Read Description),"NT$ 13,730","+NT$ 1,004 delivery",Pre-Owned ¬∑ Apple iPhone 14 Pro Max ¬∑ 512 GB ¬∑ Unlocked,Oct-30 16:27,buybackboss
Apple iPhone 6 - 16GB - Gray (,"NT$ 1,202",Shipping not specified,Pre-Owned,Oct-30 16:27,calgarycomputerwholesale
Apple iPhone 7 - Silver - 32GB - (Unlocked) - A1779 - WORKS GREAT,NT$ 638,+NT$ 755 delivery,Pre-Owned ¬∑ Apple iPhone 7 ¬∑ 32 GB ¬∑ Unlocked,Oct-30 16:25,samanthatronics
"Apple iPhone 14 Pro Unlocked 256GB deep Purple unlocked Verizon, AT&T, T-Mobile","NT$ 7,280","+NT$ 1,107 delivery",Pre-Owned ¬∑ Apple iPhone 14 Pro ¬∑ 256 GB ¬∑ Unlocked,Oct-30 15:46,andrelondo_ijd8ql2mc
"Apple iPhone 16 - 128 GB, Black BRAND NEW UNLOCKED","NT$ 30,537","+NT$ 1,772 shipping estimate",New (Other) ¬∑ Apple iPhone 16 ¬∑ Unlocked ¬∑ 128 GB,Oct-30 15:44,phonehouse2022
Apple iPhone 7 Plus - A1661 - 32GB - Black  - Unlocked (1029R),"NT$ 2,203",+NT$ 630 delivery,Pre-Owned ¬∑ Apple iPhone 7 Plus ¬∑ 32 GB ¬∑ Unlocked,Oct-30 15:36,yourwsa2
Apple iPhone 16 Pro White Titanium 128GB,"NT$ 36,933","+NT$ 2,630 shipping estimate",Brand New ¬∑ Apple iPhone 16 Pro ¬∑ Sky Mobile ¬∑ 128 GB,Oct-30 15:29,boztoon84
Apple iPhone 7 Plus - A1784 - 128GB - Black  - AT&T (1029I),"NT$ 1,884",+NT$ 619 delivery,Pre-Owned ¬∑ Apple iPhone 7 Plus ¬∑ 128 GB ¬∑ AT&T,Oct-30 15:24,yourwsa2
"iPhone 14 Pro, 256GB, Unlocked, Gold, MQ163LL/A","NT$ 17,560","+NT$ 1,404 delivery",Good - Refurbished ¬∑ Apple iPhone 14 Pro ¬∑ 256 GB ¬∑ Unlocked,Oct-30 15:14,computeroverhauls
Apple iPhone 4 - 16GB - White Model: A1332,NT$ 41,"+NT$ 1,481 shipping estimate",Pre-Owned ¬∑ Apple iPhone 4 ¬∑ Vodafone ¬∑ 16 GB,Oct-30 15:00,sell-a-holics
Apple iPhone SE 1st Generation (2016) 16GB Rose Gold (Unlocked),"NT$ 1,321",+NT$ 945 shipping estimate,Pre-Owned ¬∑ Apple iPhone SE ¬∑ Unlocked ¬∑ 16 GB,Oct-30 14:41,chriowe-yewey
Parts and Repair Apple iPhone 14 Pro Max A2651 128 GB Verizon,"NT$ 16,763","+NT$ 1,103 delivery",Parts Only ¬∑ Apple iPhone 14 Pro Max ¬∑ 128 GB ¬∑ Verizon,Oct-30 14:33,sellingtech13
Parts and Repair Apple iPhone 14 Pro Max A2651 256 GB Unlocked Clean IMEI,"NT$ 11,973",+NT$ 947 delivery,Parts Only ¬∑ Apple iPhone 14 Pro Max ¬∑ 256 GB ¬∑ Unlocked,Oct-30 14:26,sellingtech13
iPhone 16 Pro Max 256GB Desert Titanium Brand New and Sealed. Apple Invoice too,"NT$ 70,112","+NT$ 3,775 shipping estimate",Brand New ¬∑ Apple iPhone 16 Pro Max ¬∑ 256 GB,Oct-30 14:11,danten3
iPhone 7 Plus - 32 GB -  Gold - Unlocked - Home Button not responsive,NT$ 335,+NT$ 906 delivery,Pre-Owned ¬∑ Apple iPhone 7 Plus ¬∑ 32 GB,Oct-30 14:08,sendrella1
MINT - Apple iPhone 7 128GB Silver A1778 (GSM ONLY) 4G LTE - T-Mobile Locked,"NT$ 2,714",+NT$ 958 delivery,Open Box ¬∑ Apple iPhone 7 ¬∑ 32 GB ¬∑ T-Mobile,Oct-30 14:03,powercellularinc
Apple iPhone 14 - 128 GB - A2649 Unlocked All Colors ~ Very Good Condition!,"NT$ 14,049","+NT$ 1,292 delivery","Free Shipping, Free 30 Day Return, Accessories Included",Oct-30 13:51,superbdeals1
Apple iPhone 14 Pro - 256GB - AT&T Locked - Excellent Condition,"NT$ 22,670","+NT$ 1,547 delivery",Free 2-Day Shipping | 1 YEAR WARRANTY| Free Returns,Oct-30 13:47,electro-wireless
iPhone 14 Pro Max - 128GB - Unlocked (Read Description),"NT$ 9,739",+NT$ 875 delivery,Pre-Owned ¬∑ Apple iPhone 14 Pro Max ¬∑ 128 GB ¬∑ Unlocked,Oct-30 13:36,buybackboss
Apple iPhone 7 - 32GB - Unlocked (Read Description),"NT$ 1,277",+NT$ 600 delivery,Pre-Owned ¬∑ Apple iPhone 7 ¬∑ 32 GB ¬∑ Unlocked,Oct-30 13:34,buybackboss
iPhone 7 - 32GB - T-Mobile (Read Description),NT$ 271,+NT$ 567 delivery,Pre-Owned ¬∑ Apple iPhone 7 ¬∑ 32 GB ¬∑ T-Mobile,Oct-30 13:32,buybackboss
Apple iPhone 14 Pro - 128GB - AT&T Locked - Excellent Condition,"NT$ 21,073","+NT$ 1,499 delivery",Free 2-Day Shipping | 1 YEAR WARRANTY| Free Returns,Oct-30 13:28,electro-wireless
iPhone 7 - 128GB - Unlocked (Read Description),NT$ 208,+NT$ 565 delivery,Parts Only ¬∑ Apple iPhone 7 ¬∑ 128 GB ¬∑ Unlocked,Oct-30 13:24,buybackboss
iPhone 5 - 16GB - Unlocked (Read Description),NT$ 655,+NT$ 579 delivery,Parts Only ¬∑ Apple iPhone 5 ¬∑ 16 GB ¬∑ Unlocked,Oct-30 13:02,buybackboss
Apple iPhone 14 Pro - 256GB - Unlocked (Read Description),"NT$ 13,570",+NT$ 999 delivery,Pre-Owned ¬∑ Apple iPhone 14 Pro ¬∑ 256 GB ¬∑ Unlocked,Oct-30 12:55,buybackboss
"Apple iPhone 14 128GB A2649 AT&T Only Smartphone, Excellent","NT$ 13,730 to NT$ 13,889","+NT$ 1,288 delivery",Excellent - Refurbished,Oct-30 12:31,devicegiant
Apple iPhone 14 Pro - 128 GB - Space Black (AT&T ONLY) (I5) READ DESCRIPTION,"NT$ 14,847","+NT$ 1,905 delivery",Pre-Owned ¬∑ Apple iPhone 14 Pro ¬∑ 128 GB ¬∑ AT&T,Oct-30 12:13,mrpexports
Apple iPhone 16 Pro Max - 256GB  - Natural Titanium (Unlocked)  - NEW SEALED!,"NT$ 44,670","+NT$ 2,477 delivery",Brand New ¬∑ Apple iPhone 16 Pro Max ¬∑ 256 GB ¬∑ Unlocked,Oct-30 11:49,sellmycell.io
Open Box Apple iPhone 14 Pro Max AT&T Only 256GB Deep Purple Excellent Condition,"NT$ 27,140","+NT$ 1,524 delivery",Open Box ¬∑ Apple iPhone 14 Pro Max ¬∑ 256 GB ¬∑ AT&T,Oct-30 10:37,cellstoreusa
Apple iPhone 14 Pro Max - 256GB - (Unlocked) Used Good Condition,"NT$ 12,453","+NT$ 1,396 delivery",Pre-Owned ¬∑ Apple iPhone 14 Pro Max ¬∑ 256 GB ¬∑ Unlocked,Oct-30 10:29,boldautomotive
"Apple iPhone 14 Pro 6.1"" 128GB Unlocked 48MP GPS NFC eSIM 5G LTE Space Black","NT$ 18,200","+NT$ 1,423 delivery",Excellent - Refurbished ¬∑ Apple iPhone 14 Pro ¬∑ 128 GB ¬∑ Unlocked,Oct-30 09:54,phone_cellar
Apple iPhone 14 - 128GB - Midnight (T-Mobile) - New,"NT$ 13,409","+NT$ 1,282 delivery",Brand New ¬∑ Apple iPhone 14 ¬∑ 128 GB ¬∑ T-Mobile,Oct-30 09:53,wikiwoo
Apple iPhone SE - 16gb - ROSE GOLD (UNLOCKED) (Read Description) 8676,NT$ 655,+NT$ 832 delivery,Pre-Owned ¬∑ Apple iPhone SE ¬∑ 16 GB ¬∑ Unlocked,Oct-30 09:52,shopperhive
***LAST ONE*** - iPhone 16 Pro Max - 1TB - Black Titanium - Unlocked,"NT$ 74,279","+NT$ 3,526 shipping estimate",Brand New ¬∑ Apple iPhone 16 Pro Max ¬∑ Unlocked ¬∑ 1 TB,Oct-30 09:45,designertech4u
Apple iPhone 7 Verizon 32GB Black A1660 Factory-Unlocked Smartphone T-Mobile NEW,"NT$ 3,193","+NT$ 1,227 delivery",Open Box ¬∑ Apple iPhone 7 ¬∑ 32 GB ¬∑ Verizon,Oct-30 09:33,lw463
Apple iPhone 7 Verizon 32GB Black A1660 Factory Unlocked Smartphone T-Mobile NIB,"NT$ 3,193","+NT$ 1,227 delivery",Open Box ¬∑ Apple iPhone 7 ¬∑ 32 GB ¬∑ Verizon,Oct-30 09:26,lw463
Apple iPhone 3GS - 16GB - White (Vodafone) A1303 (GSM) Boxed,"NT$ 2,061","+NT$ 1,405 shipping estimate",Pre-Owned ¬∑ Apple iPhone 3GS ¬∑ Vodafone ¬∑ 16 GB,Oct-30 09:19,to-be-this-good-takes-ages
Apple iPhone 14 128GB Purple locked read,"NT$ 8,461","+NT$ 1,060 delivery",Pre-Owned ¬∑ Apple iPhone 14 ¬∑ 128 GB ¬∑ Verizon,Oct-30 09:06,littleg9600
Apple iPhone 16 Pro Max - 256GB - Desert Titanium  (Unlocked),"NT$ 44,702","+NT$ 2,415 delivery",Brand New ¬∑ Apple iPhone 16 Pro Max ¬∑ 512 GB ¬∑ Unlocked,Oct-30 08:59,adsil4
"Apple iPhone 14 Pro A2650 128GB T-Mobile Only Smartphone, Very Good","NT$ 19,796","+NT$ 1,462 delivery",Very Good - Refurbished,Oct-30 08:36,devicegiant
Apple iPhone 14 Pro A2650 128GB AT&T Only Smartphone - Very Good,"NT$ 19,796","+NT$ 1,462 delivery",Very Good - Refurbished,Oct-30 08:33,devicegiant
Apple iPhone 5 - 16GB - Black & Slate,NT$ 371,"+NT$ 1,555 shipping estimate",Pre-Owned ¬∑ Apple iPhone 5 ¬∑ Unlocked ¬∑ 16 GB,Oct-30 08:32,woopwoop10
Apple iPhone 14 128GB Blue MPVH3LL/A ‚ù§Ô∏èÔ∏è‚úÖ‚ù§Ô∏èÔ∏è‚úÖ‚ù§Ô∏è NEW! OPEN BOX! ‚ù§Ô∏èÔ∏è‚úÖ‚ù§Ô∏èÔ∏è‚úÖ‚ù§Ô∏è,"NT$ 12,660","+NT$ 1,488 delivery",Open Box ¬∑ Apple iPhone 14 ¬∑ 128 GB ¬∑ Unlocked,Oct-30 08:16,redtagdeal
iPhone 5s 16GB Space Grey,NT$ 206,+NT$ 843 shipping estimate,Pre-Owned ¬∑ Apple iPhone 5s ¬∑ 16 GB,Oct-30 08:01,nik1803-86
"For iPhone 16 Pro Max 6.9"" Clear Case MagSafe Rugged Shockproof PC Phone Cover",NT$ 342,+NT$ 888 delivery,Brand New ¬∑ BENTOBEN ¬∑ Rugged Case,Oct-30 07:20,bentoben20
Apple iPhone 16 Plus 5G Dual-SIM / Internal Memory 128GB MXVY3ZD/A Smartphone,"NT$ 43,794",+NT$ 865 delivery,Brand New,Oct-30 07:18,eeeshop
Apple iPhone 4 16GB White Unlocked 4G Smartphone - Excellent Condition,NT$ 949,+NT$ 781 shipping estimate,Pre-Owned ¬∑ Apple iPhone 4 ¬∑ Unlocked ¬∑ 16 GB,Oct-30 07:11,londonmagicstore
"For iPhone 16 Pro 6.3"" MagSafe Case Magnetic Shockproof Rugged Matte Cover Black",NT$ 364,+NT$ 889 delivery,Brand New ¬∑ Apple iPhone 16 Pro ¬∑ 512 GB,Oct-30 07:10,u-geek
Apple iPhone 14 Pro Max 128GB T-Mobile Locked Very Good Condition,"NT$ 22,349","+NT$ 1,545 delivery",FREE FEDEX 2 DAY - 60 DAY RETURNS - 1 YEAR WARRANTY,Oct-30 06:38,supplytronics
Apple iPhone 14 Pro Max 128GB T-Mobile Locked Good Condition,"NT$ 22,349","+NT$ 1,545 delivery",FREE FEDEX 2 DAY - 60 DAY RETURNS - 1 YEAR WARRANTY,Oct-30 06:38,supplytronics
For iPhone 15/16 Plus Pro Max Clear Case MagSafe Rugged Shockproof Phone Cover,NT$ 364,+NT$ 889 delivery,Brand New,Oct-30 06:32,u-geek
Apple iPhone 16 Pro Max 1TB Desert Sand,"NT$ 63,997","+NT$ 1,142 delivery",Brand New,Oct-30 06:29,ralay-14
Apple iPhone 4 - 16GB - Black (Unlocked) A1332 (GSM),NT$ 41,"+NT$ 1,088 shipping estimate",Pre-Owned ¬∑ Apple iPhone 4 ¬∑ Unlocked ¬∑ 16 GB,Oct-30 06:28,king_frat
New ListingiPhone 16 Black 128gb New Opened Unlocked.,"NT$ 16,919","+NT$ 2,173 shipping estimate",New (Other) ¬∑ Apple iPhone 16 ¬∑ Unlocked ¬∑ 128 GB,Oct-30 06:13,mpos2015
Apple iPhone 6 16GB Storage Space Grey  Network Unlocked - Fair Condition,"NT$ 1,236",+NT$ 800 shipping estimate,Pre-Owned ¬∑ Apple iPhone 6 ¬∑ Unlocked ¬∑ 16 GB,Oct-30 06:10,pre-loved-tech
Apple iPhone 6 16GB Storage Space Grey  Network Unlocked - Good Condition,"NT$ 1,442",+NT$ 813 shipping estimate,Pre-Owned ¬∑ Apple iPhone 6 ¬∑ Unlocked ¬∑ 16 GB,Oct-30 06:10,pre-loved-tech
Apple iPhone 4s 16GB White Unlocked Smartphone - Excellent Condition,"NT$ 1,650",+NT$ 827 shipping estimate,Pre-Owned ¬∑ Apple iPhone 4s ¬∑ Unlocked ¬∑ 16 GB,Oct-30 05:59,londonmagicstore
Brand new iPhone 16 Pro Max 256GB (Black Titanium) (Sealed),"NT$ 41,225","+NT$ 2,756 shipping estimate",Brand New ¬∑ Apple iPhone 16 Pro Max ¬∑ Unlocked ¬∑ 256 GB,Oct-30 05:28,feeandme
Apple iPhone 16 Pro 128GB Unlocked eSim Only Desert Titanium Poor DEFECTIVE,"NT$ 25,223","+NT$ 1,378 delivery",Parts Only ¬∑ Apple iPhone 16 Pro ¬∑ 128 GB ¬∑ Unlocked,Oct-30 05:25,evalueexpo
Apple iPhone 6s 16GB Gold A1688 Verizon (Working/Read Description),"NT$ 1,276",+NT$ 948 delivery,Pre-Owned ¬∑ Apple iPhone 6s ¬∑ 16 GB ¬∑ Verizon,Oct-30 05:10,tqui2103
Apple iPhone 5s 16GB Silver No Touch ID (O2) - Very Good Condition,NT$ 742,+NT$ 767 shipping estimate,Pre-Owned ¬∑ Apple iPhone 5s ¬∑ O2 ¬∑ 16 GB,Oct-30 04:45,londonmagicstore
Apple iPhone 16 128GB Black MYDQ3J/A Factory Unlocked - ALL CARRIERS - JAPAN NEW,"NT$ 37,933",Free International Shipping,Brand New ¬∑ Apple iPhone 16 ¬∑ 128 GB ¬∑ Unlocked,Oct-30 04:00,smappie-japan
Apple iPhone 16 Pro - 256GB - Black Titanium - NEXT DAY GUARANTEED DELIVERY,"NT$ 49,107","+NT$ 2,658 shipping estimate",Brand New ¬∑ Apple iPhone 16 Pro ¬∑ 256 GB,Oct-30 02:58,fl6537
Apple iPhone 16 Pro 128GB Black Titanium - NEXT DAY GUARANTEED DELIVERY,"NT$ 45,352","+NT$ 2,528 shipping estimate",Brand New ¬∑ Apple iPhone 16 Pro ¬∑ 128 GB,Oct-30 02:58,fl6537
Apple iPhone 16 Pro 256GB - Black Titanium - NEXT DAY GUARANTEED DELIVERY,"NT$ 50,345","+NT$ 1,073 delivery",Brand New ¬∑ Apple iPhone 16 Pro ¬∑ 256 GB,Oct-30 02:58,fl6537
Apple iPhone 16 Pro Max 1TB Titanium Black,"NT$ 71,388","+NT$ 1,280 delivery",Brand New,Oct-30 02:27,onlinehandel--mcqueen
Apple iPhone 16 Pro Max 1TB Titanium Black,"NT$ 68,555","+NT$ 1,280 delivery",Brand New,Oct-30 02:27,onlinehandel--mcqueen
Apple IPHONE 16 Pro Max 1TB Titanium Titan Black,"NT$ 66,836","+NT$ 1,268 delivery",Brand New,Oct-30 02:27,onlinehandel--mcqueen
Apple IPHONE 16 Pro Max 1TB Titanium Titan Black,"NT$ 69,688","+NT$ 1,280 delivery",Brand New ¬∑ Apple iPhone 16 Pro ¬∑ Apple,Oct-30 02:27,onlinehandel--mcqueen
iPhone 16 Pro Case Military-Grade Magnetic MagSafe Shockproof Protective Cover,NT$ 638,+NT$ 605 delivery,Brand New ¬∑ 12 KB,Oct-30 02:16,foxmarket_bs
iPhone 16 Pro Max Case Luxury Kickstand Card Slots Holder PU Leather Phone Cover,NT$ 862,+NT$ 611 delivery,Brand New ¬∑ 12 KB,Oct-30 02:11,foxmarket_bs
iPhone 16 Pro Case Slim Thin Flexible Clear TPU Shockproof Defender Phone Cover,NT$ 702,+NT$ 607 delivery,Brand New ¬∑ 12 KB,Oct-30 02:04,foxmarket_bs
iPhone 16 Pro Case Ultra Slim Thin Flexible Clear TPU Shockproof Durable Cover,NT$ 702,+NT$ 607 delivery,Brand New ¬∑ 12 KB,Oct-30 01:53,foxmarket_bs
iPhone 16 Pro Case Slim Thin Flexible Clear TPU Shockproof Durable Phone Cover,NT$ 702,+NT$ 607 delivery,Brand New ¬∑ 12 KB,Oct-30 01:51,foxmarket_bs
iPhone 16 Pro Case Slim Thin Flexible Clear TPU Shockproof Defender Phone Cover,NT$ 542,+NT$ 602 delivery,Brand New ¬∑ 12 KB,Oct-30 01:49,foxmarket_bs
"Apple iPhone 14 Pro - Fully Unlocked - 512GB - 6.1""- Very Good","NT$ 26,470","+NT$ 1,502 delivery",Free Shipping ** 1 Year Warranty ** Free Returns,Oct-30 00:55,guaranteecellular
iphone 16 pro 1tb unlocked,"NT$ 36,209","+NT$ 2,330 delivery",Pre-Owned ¬∑ Apple iPhone 16 Pro ¬∑ 1 TB ¬∑ Unlocked,Oct-29 23:15,tmhotspot
iPhone 7 Plus ‚Äî Untested ‚Äî Cracked Screen,NT$ 32,+NT$ 962 delivery,Parts Only ¬∑ Apple iPhone 7 Plus ¬∑ 32 GB ¬∑ Unlocked,Oct-29 22:11,deamart93
For iPhone 16 15 Plus 14 13 12 11 Max Slim Clear MagSafe Magnet Shockproof Case,NT$ 287,+NT$ 886 delivery,Brand New,Oct-29 21:10,avrox-accessories
"24 Apple iPhone 4 A1332 8 GB, 16 GB, 32 GB Black/White. Some Don‚Äôt Charge","NT$ 9,579","+NT$ 5,021 delivery",Parts Only ¬∑ Apple iPhone 4 ¬∑ 8 GB,Oct-29 21:10,gentstradingclub
Apple iPhone 4s - 16 GB - Black (AT&T) - Original Box Excellent Condition,NT$ 32,+NT$ 939 delivery,Pre-Owned ¬∑ Apple iPhone 4s ¬∑ 16 GB ¬∑ AT&T,Oct-29 20:37,plastic_addict_76
Apple IPHONE 16 Pro Max 1TB Titanium Titanium Black Black,"NT$ 72,577","+NT$ 1,280 delivery",Brand New,Oct-29 20:19,onlinehandel--mcqueen
Apple iPhone 16 Pro Max 1TB Titanium Black Black,"NT$ 71,982","+NT$ 1,280 delivery",Brand New,Oct-29 20:19,onlinehandel--mcqueen
Apple IPHONE 16 Pro Max 1TB Titanium Titan Black,"NT$ 67,035","+NT$ 1,272 delivery",Brand New ¬∑ Apple ¬∑ Apple iPhone 16 Pro,Oct-29 20:19,onlinehandel--mcqueen
‚≠êÔ∏è‚≠êÔ∏èApple 2024 iPhone 16 Pro Max 256GB White Titanium UNLOCKED Free shipping‚ù§Ô∏è‚ù§Ô∏è,"NT$ 46,267",Free International Shipping,Brand New ¬∑ Apple iPhone 16 Pro Max ¬∑ 256 GB ¬∑ Unlocked,Oct-29 18:36,samurai-select-241015
Apple iPhone 7 - 32GB - Matte Black (Unlocked) A1778 (GSM) USED,NT$ 176,+NT$ 871 delivery,Pre-Owned ¬∑ Apple iPhone 7 ¬∑ 32 GB ¬∑ Unlocked,Oct-29 18:00,geekbreaks
Apple Iphone 16 Pro Max 1TB Titanium Titan Black Schwarz,"NT$ 67,988","+NT$ 1,280 delivery",Brand New,Oct-29 17:33,onlinehandel--mcqueen
